
-- orders: 0 rows
-- subscriptions: 0 rows
-- coupon_redemptions: 0 rows
-- payment_methods: 0 rows
-- customers: 0 rows
-- clients: 6 rows
INSERT INTO "public"."clients" ("id", "name", "created_at", "updated_at", "country", "currency") VALUES ('98bd91b2-1a9e-473a-9b14-1dc3ec0e6a98', 'chethan', '2026-04-18T04:02:08.632912+00:00', '2026-04-18T04:02:08.632912+00:00', NULL, 'USD') ON CONFLICT DO NOTHING;
INSERT INTO "public"."clients" ("id", "name", "created_at", "updated_at", "country", "currency") VALUES ('2a33e586-0f87-4978-9097-900d362c1051', 'ddd', '2026-04-20T12:14:03.400127+00:00', '2026-04-20T12:14:03.400127+00:00', NULL, 'USD') ON CONFLICT DO NOTHING;
INSERT INTO "public"."clients" ("id", "name", "created_at", "updated_at", "country", "currency") VALUES ('ab5421b8-11dc-498e-bf8d-a248f77131df', 'aaaa', '2026-04-20T12:17:16.057952+00:00', '2026-04-20T12:17:16.057952+00:00', NULL, 'USD') ON CONFLICT DO NOTHING;
INSERT INTO "public"."clients" ("id", "name", "created_at", "updated_at", "country", "currency") VALUES ('b5773bef-2296-46a8-b890-3d6c85168ae4', 'sss', '2026-04-20T12:28:39.47419+00:00', '2026-04-20T12:28:39.47419+00:00', NULL, 'USD') ON CONFLICT DO NOTHING;
INSERT INTO "public"."clients" ("id", "name", "created_at", "updated_at", "country", "currency") VALUES ('6b7bb6a4-e227-4f70-9217-cf751ffb4072', 'sssss', '2026-04-20T12:53:28.32782+00:00', '2026-04-20T12:53:28.32782+00:00', NULL, 'USD') ON CONFLICT DO NOTHING;
INSERT INTO "public"."clients" ("id", "name", "created_at", "updated_at", "country", "currency") VALUES ('f970dc7c-33f9-40e0-843e-fc739844f7f4', 'arvind', '2026-04-23T07:04:51.745642+00:00', '2026-04-23T07:04:51.745642+00:00', NULL, 'USD') ON CONFLICT DO NOTHING;

-- sync_benchmarks: 0 rows
-- profiles: 7 rows
INSERT INTO "public"."profiles" ("id", "email", "full_name", "avatar_url", "created_at", "updated_at", "role", "client_id", "is_active", "default_landing_path") VALUES ('0430a2de-2b6f-4d2f-956f-fb9fa7197259', 'it@vizsoft.in', 'Chethan', NULL, '2026-04-18T02:19:29.773469+00:00', '2026-04-18T02:19:29.773469+00:00', 'super_admin', NULL, true, NULL) ON CONFLICT DO NOTHING;
INSERT INTO "public"."profiles" ("id", "email", "full_name", "avatar_url", "created_at", "updated_at", "role", "client_id", "is_active", "default_landing_path") VALUES ('8a38165d-c229-4e57-ad7b-5b2b73fdc4c5', 'ddd@vizsoft.in', NULL, NULL, '2026-04-20T12:14:03.400127+00:00', '2026-04-20T12:14:03.400127+00:00', 'user', '2a33e586-0f87-4978-9097-900d362c1051', true, NULL) ON CONFLICT DO NOTHING;
INSERT INTO "public"."profiles" ("id", "email", "full_name", "avatar_url", "created_at", "updated_at", "role", "client_id", "is_active", "default_landing_path") VALUES ('14e027dc-fc78-40ab-9211-8949baa4b5d7', 'aaaa@vizsoft.in', NULL, NULL, '2026-04-20T12:17:16.057952+00:00', '2026-04-20T12:17:16.057952+00:00', 'user', 'ab5421b8-11dc-498e-bf8d-a248f77131df', true, NULL) ON CONFLICT DO NOTHING;
INSERT INTO "public"."profiles" ("id", "email", "full_name", "avatar_url", "created_at", "updated_at", "role", "client_id", "is_active", "default_landing_path") VALUES ('64315088-8520-4e52-8f3d-91941ad39cd2', 'sss@vizsoft.in', NULL, NULL, '2026-04-20T12:28:39.47419+00:00', '2026-04-20T12:28:39.47419+00:00', 'user', 'b5773bef-2296-46a8-b890-3d6c85168ae4', true, NULL) ON CONFLICT DO NOTHING;
INSERT INTO "public"."profiles" ("id", "email", "full_name", "avatar_url", "created_at", "updated_at", "role", "client_id", "is_active", "default_landing_path") VALUES ('49fc7017-6379-4f0e-93fd-d2afa220622d', 'sssss@vizsoft.in', NULL, NULL, '2026-04-20T12:53:28.32782+00:00', '2026-04-20T12:53:28.32782+00:00', 'user', '6b7bb6a4-e227-4f70-9217-cf751ffb4072', true, NULL) ON CONFLICT DO NOTHING;
INSERT INTO "public"."profiles" ("id", "email", "full_name", "avatar_url", "created_at", "updated_at", "role", "client_id", "is_active", "default_landing_path") VALUES ('4639fed7-01dd-49f7-85dd-54e56111a352', 'arvind@vizsoft.in', NULL, NULL, '2026-04-23T07:04:51.745642+00:00', '2026-04-23T07:04:51.745642+00:00', 'user', 'f970dc7c-33f9-40e0-843e-fc739844f7f4', true, NULL) ON CONFLICT DO NOTHING;
INSERT INTO "public"."profiles" ("id", "email", "full_name", "avatar_url", "created_at", "updated_at", "role", "client_id", "is_active", "default_landing_path") VALUES ('1bd711f8-2680-47f6-8e50-5bf807e846d8', 'chethan@vizsoft.in', 'Chethan', NULL, '2026-04-18T03:48:47.353953+00:00', '2026-04-18T03:48:47.353953+00:00', 'user', '98bd91b2-1a9e-473a-9b14-1dc3ec0e6a98', true, NULL) ON CONFLICT DO NOTHING;

-- webhook_events: 0 rows
-- branding_audit_log: 0 rows
-- cron_logs: 0 rows
-- webhook_test_results: 0 rows
-- user_view_preferences: 13 rows
INSERT INTO "public"."user_view_preferences" ("id", "user_id", "view_key", "preferences", "updated_at") VALUES ('bbdecd6c-a829-4c00-a150-8fee21287cbc', '1bd711f8-2680-47f6-8e50-5bf807e846d8', 'products', '{"sort":{"field":"woo_date_created","label":"Newest first","direction":"desc"},"pageSize":500,"viewMode":"grid","columnOrder":["wooId","sku","id","image","name","type","slug","price","status","permalink","parent_id","regular_price","sale_price","stock","stock_status","manage_stock","tax_status","tax_class","shipping_required","category","attributes","images_count","short_desc","description","date_created","date_modified","sales","created","updated"],"visibleCols":{"id":false,"sku":true,"name":true,"slug":false,"type":true,"image":true,"price":true,"sales":false,"stock":true,"wooId":true,"status":true,"created":false,"updated":false,"category":true,"parent_id":false,"permalink":false,"tax_class":false,"attributes":false,"sale_price":false,"short_desc":false,"tax_status":false,"description":false,"date_created":false,"images_count":false,"manage_stock":false,"stock_status":false,"date_modified":false,"regular_price":false,"shipping_required":false},"statusFilter":"publish","categoryFilter":"all","excludeOutOfStock":false,"stockStatusFilter":"all"}'::jsonb, '2026-04-23T07:50:54.25+00:00') ON CONFLICT DO NOTHING;
INSERT INTO "public"."user_view_preferences" ("id", "user_id", "view_key", "preferences", "updated_at") VALUES ('68028a8d-2f3e-4252-8226-f27ff9c172ac', '14e027dc-fc78-40ab-9211-8949baa4b5d7', 'products', '{"sort":{"field":"woo_date_created","label":"Newest first","direction":"desc"},"pageSize":100,"viewMode":"grid","columnOrder":["image","id","wooId","name","slug","sku","type","status","permalink","parent_id","price","regular_price","sale_price","stock","stock_status","manage_stock","tax_status","tax_class","shipping_required","category","attributes","images_count","short_desc","description","date_created","date_modified","sales","created","updated"],"visibleCols":{"id":false,"sku":true,"name":true,"slug":false,"type":false,"image":true,"price":true,"sales":false,"stock":true,"wooId":false,"status":true,"created":false,"updated":false,"category":true,"parent_id":false,"permalink":false,"tax_class":false,"attributes":false,"sale_price":false,"short_desc":false,"tax_status":false,"description":false,"date_created":false,"images_count":false,"manage_stock":false,"stock_status":false,"date_modified":false,"regular_price":false,"shipping_required":false},"statusFilter":"all","categoryFilter":"all","excludeOutOfStock":false,"stockStatusFilter":"all"}'::jsonb, '2026-04-20T12:21:12.088+00:00') ON CONFLICT DO NOTHING;
INSERT INTO "public"."user_view_preferences" ("id", "user_id", "view_key", "preferences", "updated_at") VALUES ('59fe2c7d-e438-4cf4-b0c3-171d197b2891', '1bd711f8-2680-47f6-8e50-5bf807e846d8', 'projects-view', '{"viewMode":"grid"}'::jsonb, '2026-04-23T11:40:03.042+00:00') ON CONFLICT DO NOTHING;
INSERT INTO "public"."user_view_preferences" ("id", "user_id", "view_key", "preferences", "updated_at") VALUES ('f5f6b3e0-5fba-4e93-b1c6-92f3a09ab39c', '0430a2de-2b6f-4d2f-956f-fb9fa7197259', 'products', '{"sort":{"field":"woo_date_created","label":"Newest first","direction":"desc"},"pageSize":100,"viewMode":"grid","columnOrder":["wooId","sku","id","image","name","slug","type","price","status","permalink","parent_id","regular_price","sale_price","stock","stock_status","manage_stock","tax_status","tax_class","shipping_required","category","attributes","images_count","short_desc","description","date_created","date_modified","sales","created","updated"],"visibleCols":{"id":false,"sku":true,"name":true,"slug":false,"type":false,"image":true,"price":true,"sales":false,"stock":true,"wooId":false,"status":true,"created":false,"updated":false,"category":true,"parent_id":false,"permalink":false,"tax_class":false,"attributes":false,"sale_price":false,"short_desc":false,"tax_status":false,"description":false,"date_created":false,"images_count":false,"manage_stock":false,"stock_status":false,"date_modified":false,"regular_price":false,"shipping_required":false},"statusFilter":"all","categoryFilter":"all","excludeOutOfStock":false,"stockStatusFilter":"all"}'::jsonb, '2026-04-23T10:00:48.708+00:00') ON CONFLICT DO NOTHING;
INSERT INTO "public"."user_view_preferences" ("id", "user_id", "view_key", "preferences", "updated_at") VALUES ('b1561e5e-d925-4367-91c3-a2ed715f1688', '0430a2de-2b6f-4d2f-956f-fb9fa7197259', 'projects-view', '{"viewMode":"grid"}'::jsonb, '2026-04-23T11:42:28.079+00:00') ON CONFLICT DO NOTHING;
INSERT INTO "public"."user_view_preferences" ("id", "user_id", "view_key", "preferences", "updated_at") VALUES ('7833979c-8ac1-42fe-9724-8e4d51abf0c3', '4639fed7-01dd-49f7-85dd-54e56111a352', 'customers', '{"sort":{"field":"orders_count","label":"Most orders","direction":"desc"},"pageSize":50,"roleFilter":"all","columnOrder":["name","username","email","phone","orders","spent","aov","city","country","registered","last_active"],"visibleCols":{"aov":true,"city":true,"name":true,"email":true,"phone":true,"spent":true,"orders":true,"country":true,"username":true,"registered":false,"last_active":false}}'::jsonb, '2026-04-23T10:27:20.306+00:00') ON CONFLICT DO NOTHING;
INSERT INTO "public"."user_view_preferences" ("id", "user_id", "view_key", "preferences", "updated_at") VALUES ('17b43846-63bd-4f9a-b966-6bee89ae6802', '0430a2de-2b6f-4d2f-956f-fb9fa7197259', 'orders', '{"sort":{"field":"date_created","label":"Newest first","direction":"desc"},"pageSize":25,"columnOrder":["id","woo_id","order_number","status","currency","total","subtotal","tax","shipping","discount","customer_id","customer","first_name","last_name","email","phone","items","line_items_summary","payment","payment_method","source","created_via","date_created","date_modified","synced_at"],"visibleCols":{"id":false,"tax":false,"email":false,"items":true,"phone":true,"total":true,"source":false,"status":true,"woo_id":false,"payment":true,"currency":false,"customer":true,"discount":false,"shipping":false,"subtotal":false,"last_name":false,"synced_at":false,"first_name":false,"created_via":false,"customer_id":false,"date_created":true,"order_number":true,"date_modified":false,"payment_method":false,"line_items_summary":false},"statusFilter":"all","paymentFilter":"all"}'::jsonb, '2026-04-23T09:53:23.794+00:00') ON CONFLICT DO NOTHING;
INSERT INTO "public"."user_view_preferences" ("id", "user_id", "view_key", "preferences", "updated_at") VALUES ('444ae219-58a0-4878-9d23-0ef97bfbba00', '0430a2de-2b6f-4d2f-956f-fb9fa7197259', 'customers', '{"sort":{"field":"date_created","label":"Newest registered","direction":"desc"},"pageSize":50,"roleFilter":"all","columnOrder":["name","username","email","phone","orders","spent","aov","city","country","registered","last_active"],"visibleCols":{"aov":true,"city":true,"name":true,"email":true,"phone":true,"spent":true,"orders":true,"country":false,"username":true,"registered":false,"last_active":false}}'::jsonb, '2026-04-23T06:14:45.409+00:00') ON CONFLICT DO NOTHING;
INSERT INTO "public"."user_view_preferences" ("id", "user_id", "view_key", "preferences", "updated_at") VALUES ('02c0888f-56d7-4d70-b043-c9852e4644b1', '4639fed7-01dd-49f7-85dd-54e56111a352', 'projects-view', '{"viewMode":"list"}'::jsonb, '2026-04-23T10:32:23.929+00:00') ON CONFLICT DO NOTHING;
INSERT INTO "public"."user_view_preferences" ("id", "user_id", "view_key", "preferences", "updated_at") VALUES ('0c949827-dd0c-40cc-ad0f-101327544a60', '1bd711f8-2680-47f6-8e50-5bf807e846d8', 'customers', '{"sort":{"field":"orders_count","label":"Most orders","direction":"desc"},"pageSize":50,"roleFilter":"all","columnOrder":["name","username","email","phone","orders","spent","aov","city","country","registered","last_active"],"visibleCols":{"aov":true,"city":true,"name":true,"email":true,"phone":true,"spent":true,"orders":true,"country":false,"username":true,"registered":true,"last_active":false}}'::jsonb, '2026-04-22T01:14:56.275+00:00') ON CONFLICT DO NOTHING;
INSERT INTO "public"."user_view_preferences" ("id", "user_id", "view_key", "preferences", "updated_at") VALUES ('309fd27a-fd44-41d0-a4f7-8b2d19ae4465', '4639fed7-01dd-49f7-85dd-54e56111a352', 'products', '{"sort":{"field":"woo_date_created","label":"Newest first","direction":"desc"},"pageSize":50,"viewMode":"grid","columnOrder":["image","id","wooId","name","slug","sku","type","status","permalink","parent_id","price","regular_price","sale_price","stock","stock_status","manage_stock","tax_status","tax_class","shipping_required","category","attributes","images_count","short_desc","description","date_created","date_modified","sales","created","updated"],"visibleCols":{"id":false,"sku":true,"name":true,"slug":false,"type":false,"image":true,"price":true,"sales":false,"stock":true,"wooId":false,"status":true,"created":false,"updated":false,"category":true,"parent_id":false,"permalink":false,"tax_class":false,"attributes":false,"sale_price":false,"short_desc":false,"tax_status":false,"description":false,"date_created":false,"images_count":false,"manage_stock":false,"stock_status":false,"date_modified":false,"regular_price":false,"shipping_required":false},"statusFilter":"private","categoryFilter":"all","excludeOutOfStock":false,"stockStatusFilter":"all"}'::jsonb, '2026-04-23T10:32:28.214+00:00') ON CONFLICT DO NOTHING;
INSERT INTO "public"."user_view_preferences" ("id", "user_id", "view_key", "preferences", "updated_at") VALUES ('4c5bab3b-634f-448d-be62-ee3f39e1dac2', '8a38165d-c229-4e57-ad7b-5b2b73fdc4c5', 'products', '{"sort":{"field":"woo_date_created","label":"Newest first","direction":"desc"},"pageSize":25,"viewMode":"grid","columnOrder":["wooId","sku","id","image","name","slug","type","price","status","permalink","parent_id","regular_price","sale_price","stock","stock_status","manage_stock","tax_status","tax_class","shipping_required","category","attributes","images_count","short_desc","description","date_created","date_modified","sales","created","updated"],"visibleCols":{"id":false,"sku":true,"name":true,"slug":false,"type":false,"image":true,"price":true,"sales":false,"stock":true,"wooId":false,"status":true,"created":false,"updated":false,"category":true,"parent_id":false,"permalink":false,"tax_class":false,"attributes":false,"sale_price":false,"short_desc":false,"tax_status":false,"description":false,"date_created":false,"images_count":false,"manage_stock":false,"stock_status":false,"date_modified":false,"regular_price":false,"shipping_required":false},"statusFilter":"all","categoryFilter":"all","excludeOutOfStock":false,"stockStatusFilter":"all"}'::jsonb, '2026-04-21T07:22:30.292+00:00') ON CONFLICT DO NOTHING;
INSERT INTO "public"."user_view_preferences" ("id", "user_id", "view_key", "preferences", "updated_at") VALUES ('c4ddd595-1a5d-43e7-b8fa-9d417cc7dee0', '1bd711f8-2680-47f6-8e50-5bf807e846d8', 'orders', '{"sort":{"field":"date_created","label":"Newest first","direction":"desc"},"pageSize":500,"columnOrder":["id","woo_id","order_number","currency","subtotal","tax","shipping","discount","customer_id","date_created","status","customer","first_name","last_name","email","phone","items","line_items_summary","total","payment","payment_method","source","created_via","date_modified","synced_at"],"visibleCols":{"id":false,"tax":false,"email":false,"items":true,"phone":true,"total":true,"source":false,"status":true,"woo_id":false,"payment":true,"currency":false,"customer":true,"discount":false,"shipping":false,"subtotal":false,"last_name":false,"synced_at":false,"first_name":false,"created_via":false,"customer_id":false,"date_created":true,"order_number":true,"date_modified":false,"payment_method":false,"line_items_summary":false},"statusFilter":"all","paymentFilter":"all"}'::jsonb, '2026-04-22T18:02:54.685+00:00') ON CONFLICT DO NOTHING;

-- products: 0 rows
-- api_request_logs: 0 rows
-- invoices: 0 rows
-- coupons: 0 rows
-- menu_configs: 3 rows
INSERT INTO "public"."menu_configs" ("role", "config", "updated_at", "updated_by", "id", "scope", "site_id") VALUES ('admin', '[{"id":"dashboard","icon":"Activity","type":"item","label":"Health","hidden":false},{"id":"group-stores","icon":"Folder","type":"group","label":"Stores","children":[{"id":"sites","icon":"Store","type":"item","label":"Projects","hidden":false}]},{"id":"group-management","icon":"Folder","type":"group","label":"Management","children":[{"id":"clients","icon":"Users","type":"item","label":"Clients","hidden":false}]},{"id":"group-developer","icon":"Folder","type":"group","label":"Developer","children":[{"id":"sync-runs","icon":"RefreshCw","type":"item","label":"Sync Runs","hidden":false},{"id":"webhooks","icon":"Webhook","type":"item","label":"Webhooks","hidden":false},{"id":"webhooks-activity","icon":"Activity","type":"item","label":"Activity","hidden":false},{"id":"api","icon":"Key","type":"item","label":"API","hidden":false}],"displayMode":"panel"},{"id":"group-administration","icon":"Folder","type":"group","label":"Administration","children":[{"id":"users","icon":"UserCog","type":"item","label":"Users","hidden":false},{"id":"roles","icon":"Shield","type":"item","label":"Roles","hidden":false}]},{"id":"group-unassigned","icon":"Folder","type":"group","label":"Billing","children":[{"id":"billing","icon":"Receipt","type":"item","label":"Overview","hidden":false},{"id":"payment-methods","icon":"CreditCard","type":"item","label":"Billing","hidden":false},{"id":"pricing","icon":"DollarSign","type":"item","label":"Plans","hidden":false}]},{"id":"group-system","icon":"Folder","type":"group","label":"System","children":[{"id":"settings","icon":"Settings","type":"item","label":"Settings","hidden":false}]}]'::jsonb, '2026-04-23T07:12:18.354+00:00', '0430a2de-2b6f-4d2f-956f-fb9fa7197259', '4cc131a2-d4e9-4dbd-ab97-5c64360d7841', 'global', NULL) ON CONFLICT DO NOTHING;
INSERT INTO "public"."menu_configs" ("role", "config", "updated_at", "updated_by", "id", "scope", "site_id") VALUES ('user', '[{"id":"group-stores","icon":"Folder","type":"group","label":"Stores","children":[{"id":"sites","icon":"Store","type":"item","label":"Stores","hidden":false}]},{"id":"dashboard","icon":"Activity","type":"item","label":"Health","hidden":true},{"id":"group-management","icon":"Folder","type":"group","label":"Management","children":[{"id":"clients","icon":"Users","type":"item","label":"Clients","hidden":true}]},{"id":"group-developer","icon":"Layers","type":"group","label":"Developer","children":[{"id":"sync-runs","icon":"RefreshCw","type":"item","label":"Sync Runs","hidden":false},{"id":"webhooks","icon":"Webhook","type":"item","label":"Webhooks","hidden":false},{"id":"webhooks-activity","icon":"Activity","type":"item","label":"Activity","hidden":false},{"id":"api","icon":"Key","type":"item","label":"API","hidden":false}],"displayMode":"panel"},{"id":"group-administration","icon":"Shield","type":"group","label":"Administration","children":[{"id":"users","icon":"UserCog","type":"item","label":"Users","hidden":false},{"id":"roles","icon":"Shield","type":"item","label":"Roles","hidden":false}],"displayMode":"panel"},{"id":"group-unassigned","icon":"DollarSign","type":"group","label":"Billing","children":[{"id":"billing","icon":"Receipt","type":"item","label":"Overview","hidden":false},{"id":"payment-methods","icon":"CreditCard","type":"item","label":"Billing","hidden":false},{"id":"pricing","icon":"DollarSign","type":"item","label":"Plans","hidden":false}],"displayMode":"panel"},{"id":"settings","icon":"Settings","type":"item","label":"Settings","hidden":false}]'::jsonb, '2026-04-23T08:07:44.309+00:00', '0430a2de-2b6f-4d2f-956f-fb9fa7197259', '77be4798-107a-455c-a0c9-fe57769225bc', 'global', NULL) ON CONFLICT DO NOTHING;
INSERT INTO "public"."menu_configs" ("role", "config", "updated_at", "updated_by", "id", "scope", "site_id") VALUES ('super_admin', '[{"id":"group-stores","icon":"Folder","type":"group","label":"Stores","children":[{"id":"sites","icon":"Store","type":"item","label":"Projects","hidden":false}]},{"id":"dashboard","icon":"Activity","type":"item","label":"Health","hidden":false},{"id":"clients","icon":"Users","type":"item","label":"Clients","hidden":false},{"id":"group-developer","icon":"Layers","type":"group","label":"Developer","children":[{"id":"sync-runs","icon":"RefreshCw","type":"item","label":"Sync Runs","hidden":false},{"id":"webhooks","icon":"Webhook","type":"item","label":"Webhooks","hidden":false},{"id":"webhooks-activity","icon":"Activity","type":"item","label":"Activity","hidden":false},{"id":"api","icon":"Key","type":"item","label":"API","hidden":false}],"displayMode":"panel"},{"id":"group-administration","icon":"Shield","type":"group","label":"Administration","children":[{"id":"users","icon":"UserCog","type":"item","label":"Users","hidden":false},{"id":"roles","icon":"Shield","type":"item","label":"Roles","hidden":false}],"displayMode":"panel"},{"id":"group-unassigned","icon":"Folder","type":"group","label":"Billing","children":[{"id":"billing","icon":"Receipt","type":"item","label":"Overview","hidden":false},{"id":"payment-methods","icon":"CreditCard","type":"item","label":"Billing","hidden":false},{"id":"pricing","icon":"DollarSign","type":"item","label":"Plans","hidden":false}],"displayMode":"panel"},{"id":"settings","icon":"Settings","type":"item","label":"Settings","hidden":false}]'::jsonb, '2026-04-23T07:12:34.956+00:00', '0430a2de-2b6f-4d2f-956f-fb9fa7197259', 'eb6f6c2f-180e-4f49-a9f7-4a2acae540e8', 'global', NULL) ON CONFLICT DO NOTHING;

-- webhooks: 0 rows
-- plans: 4 rows
INSERT INTO "public"."plans" ("id", "slug", "name", "description", "prices", "billing_interval", "max_sites", "max_products_per_site", "max_users", "max_api_calls_per_month", "features", "trial_days", "is_active", "is_custom", "sort_order", "created_at", "updated_at") VALUES ('3d4ebeeb-135a-401a-84ad-e65b39fce509', 'starter', 'Starter', 'For solo makers testing the waters', '{"AED":3300,"INR":79900,"KWD":300,"SAR":3400,"USD":900}'::jsonb, 'month', 1, 500, 1, 10000, '{"custom_domain":false,"priority_support":false,"advanced_webhooks":false}'::jsonb, 14, true, false, 10, '2026-04-22T21:21:57.865377+00:00', '2026-04-22T21:21:57.865377+00:00') ON CONFLICT DO NOTHING;
INSERT INTO "public"."plans" ("id", "slug", "name", "description", "prices", "billing_interval", "max_sites", "max_products_per_site", "max_users", "max_api_calls_per_month", "features", "trial_days", "is_active", "is_custom", "sort_order", "created_at", "updated_at") VALUES ('6cd3aa4b-2b1b-481b-8efb-c98be6cf69a0', 'growth', 'Growth', 'For growing teams with multiple stores', '{"AED":11000,"INR":240000,"KWD":900,"SAR":11000,"USD":2900}'::jsonb, 'month', 3, 5000, 5, 100000, '{"custom_domain":false,"priority_support":false,"advanced_webhooks":true}'::jsonb, 14, true, false, 20, '2026-04-22T21:21:57.865377+00:00', '2026-04-22T21:21:57.865377+00:00') ON CONFLICT DO NOTHING;
INSERT INTO "public"."plans" ("id", "slug", "name", "description", "prices", "billing_interval", "max_sites", "max_products_per_site", "max_users", "max_api_calls_per_month", "features", "trial_days", "is_active", "is_custom", "sort_order", "created_at", "updated_at") VALUES ('f3604951-57f0-4357-b8ee-c5732ab88a35', 'scale', 'Scale', 'For agencies running many stores at once', '{"AED":36000,"INR":820000,"KWD":3000,"SAR":37000,"USD":9900}'::jsonb, 'month', 10, 25000, 20, 500000, '{"custom_domain":true,"priority_support":true,"advanced_webhooks":true}'::jsonb, 14, true, false, 30, '2026-04-22T21:21:57.865377+00:00', '2026-04-22T21:21:57.865377+00:00') ON CONFLICT DO NOTHING;
INSERT INTO "public"."plans" ("id", "slug", "name", "description", "prices", "billing_interval", "max_sites", "max_products_per_site", "max_users", "max_api_calls_per_month", "features", "trial_days", "is_active", "is_custom", "sort_order", "created_at", "updated_at") VALUES ('05e1a60f-c788-458d-b0b2-e00d3cda7a6d', 'enterprise', 'Enterprise', 'Custom pricing, dedicated support, SLA', '{}'::jsonb, 'month', 999999, 999999, 999999, 999999, '{"sla":true,"custom_domain":true,"dedicated_csm":true,"priority_support":true,"advanced_webhooks":true}'::jsonb, 0, true, true, 40, '2026-04-22T21:21:57.865377+00:00', '2026-04-22T21:21:57.865377+00:00') ON CONFLICT DO NOTHING;

-- client_payment_methods: 0 rows
-- billing_coupons: 0 rows
-- sync_runs: 0 rows
-- entity_changes: 0 rows
-- tags: 0 rows
-- app_settings: 1 rows
INSERT INTO "public"."app_settings" ("id", "brand_name", "logo_url", "primary_color", "sidebar_color", "accent_color", "created_at", "updated_at", "theme_preset") VALUES ('global', 'Proxima', 'https://zhsmlfdmtlzyxvioppex.supabase.co/storage/v1/object/public/branding/logo-1776476348293.png', '#008060', '#06126a', '#008060', '2026-04-18T01:28:24.494089+00:00', '2026-04-20T13:47:19.755+00:00', 'modern') ON CONFLICT DO NOTHING;

-- api_tokens: 0 rows
-- api_keys: 0 rows
-- roles: 3 rows
INSERT INTO "public"."roles" ("id", "name", "description", "permissions", "is_system", "created_at", "updated_at") VALUES ('dff3ea83-5d97-441f-9e52-f2bd63b4b969', 'super_admin', 'Full system access including user and role management', '["*"]'::jsonb, true, '2026-04-18T02:10:18.273314+00:00', '2026-04-18T02:10:18.273314+00:00') ON CONFLICT DO NOTHING;
INSERT INTO "public"."roles" ("id", "name", "description", "permissions", "is_system", "created_at", "updated_at") VALUES ('c4096fef-f3c2-4908-ac47-a6d4b5640dfb', 'admin', 'Manage clients, sites, and users (no system settings)', '["clients.view","clients.manage","sites.view","sites.manage","sync.view","sync.trigger","webhooks.view","webhooks.manage","data.view","api.view","api.manage","users.view","users.manage"]'::jsonb, true, '2026-04-18T02:10:18.273314+00:00', '2026-04-18T02:10:18.273314+00:00') ON CONFLICT DO NOTHING;
INSERT INTO "public"."roles" ("id", "name", "description", "permissions", "is_system", "created_at", "updated_at") VALUES ('f617818a-d054-4ea8-a464-d5f122b4a842', 'user', 'Standard user - manage own client sites', '["clients.view","sites.view","sites.sync","sync.view","sync.run","webhooks.view","webhooks.manage","api.view","api.manage"]'::jsonb, true, '2026-04-18T02:10:18.273314+00:00', '2026-04-18T02:10:18.273314+00:00') ON CONFLICT DO NOTHING;

-- stores: 0 rows
-- user_notifications: 73 rows
INSERT INTO "public"."user_notifications" ("id", "user_id", "client_id", "type", "title", "body", "cta_label", "cta_url", "image_url", "lottie_url", "priority", "shown_at", "dismissed_at", "clicked_at", "created_at", "expires_at", "metadata") VALUES ('4c56c1b4-da4c-495e-bb3f-9a6809c0dde5', '1bd711f8-2680-47f6-8e50-5bf807e846d8', NULL, 'celebration', 'thedcart is ready!', 'Welcome aboard. To infinity and beyond 🚀', 'Let''s go', NULL, NULL, '/confetti.json', 90, '2026-04-20T02:36:11.74+00:00', '2026-04-20T02:36:20.761+00:00', NULL, '2026-04-20T02:36:11.682867+00:00', NULL, '{"logo_url":null,"store_id":"a4ebc2b1-f712-4d0a-a70f-90a4c5d1ae7b","store_url":"https://thedcart.com","store_name":"thedcart"}'::jsonb) ON CONFLICT DO NOTHING;
INSERT INTO "public"."user_notifications" ("id", "user_id", "client_id", "type", "title", "body", "cta_label", "cta_url", "image_url", "lottie_url", "priority", "shown_at", "dismissed_at", "clicked_at", "created_at", "expires_at", "metadata") VALUES ('1d04e8ba-149d-4dc0-b225-37730d614d22', '0430a2de-2b6f-4d2f-956f-fb9fa7197259', NULL, 'celebration', 'thedcart is ready!', 'Welcome aboard. To infinity and beyond 🚀', 'Let''s go', NULL, NULL, '/confetti.json', 90, '2026-04-20T02:53:53.815+00:00', '2026-04-20T02:53:57.745+00:00', NULL, '2026-04-20T02:36:11.682867+00:00', NULL, '{"logo_url":null,"store_id":"a4ebc2b1-f712-4d0a-a70f-90a4c5d1ae7b","store_url":"https://thedcart.com","store_name":"thedcart"}'::jsonb) ON CONFLICT DO NOTHING;
INSERT INTO "public"."user_notifications" ("id", "user_id", "client_id", "type", "title", "body", "cta_label", "cta_url", "image_url", "lottie_url", "priority", "shown_at", "dismissed_at", "clicked_at", "created_at", "expires_at", "metadata") VALUES ('dc79be28-4da5-4122-8199-996413e47c57', '0430a2de-2b6f-4d2f-956f-fb9fa7197259', NULL, 'celebration', 'todoo is ready!', 'Welcome aboard. To infinity and beyond 🚀', 'Let''s go', NULL, NULL, '/confetti.json', 90, NULL, NULL, NULL, '2026-04-20T08:21:26.964364+00:00', NULL, '{"logo_url":null,"store_id":"4fba2779-ab50-4e37-a744-3eee828a4e9d","store_url":"https://todookw.com","store_name":"todoo"}'::jsonb) ON CONFLICT DO NOTHING;
INSERT INTO "public"."user_notifications" ("id", "user_id", "client_id", "type", "title", "body", "cta_label", "cta_url", "image_url", "lottie_url", "priority", "shown_at", "dismissed_at", "clicked_at", "created_at", "expires_at", "metadata") VALUES ('cb45b8a9-9898-4dd3-baf5-8c43efa9f28b', '1bd711f8-2680-47f6-8e50-5bf807e846d8', NULL, 'celebration', 'todoo is ready!', 'Welcome aboard. To infinity and beyond 🚀', 'Let''s go', NULL, NULL, '/confetti.json', 90, '2026-04-20T08:21:27.024+00:00', '2026-04-20T08:28:19.612+00:00', NULL, '2026-04-20T08:21:26.964364+00:00', NULL, '{"logo_url":null,"store_id":"4fba2779-ab50-4e37-a744-3eee828a4e9d","store_url":"https://todookw.com","store_name":"todoo"}'::jsonb) ON CONFLICT DO NOTHING;
INSERT INTO "public"."user_notifications" ("id", "user_id", "client_id", "type", "title", "body", "cta_label", "cta_url", "image_url", "lottie_url", "priority", "shown_at", "dismissed_at", "clicked_at", "created_at", "expires_at", "metadata") VALUES ('ac37295f-c56f-4d0b-b18b-303540eaf58d', '1bd711f8-2680-47f6-8e50-5bf807e846d8', NULL, 'celebration', 'todoo is ready!', 'Core sync complete. Explore products, orders, customers — we''re polishing the rest in the background 🚀', 'Let''s go', '/sites/79776669-2d35-4640-bf3c-55bf04b4a53b/products', NULL, '/confetti.json', 90, '2026-04-20T11:08:00.938+00:00', '2026-04-20T11:09:13.414+00:00', NULL, '2026-04-20T11:08:00.325968+00:00', NULL, '{"logo_url":null,"store_id":"79776669-2d35-4640-bf3c-55bf04b4a53b","store_url":"https://todookw.com","store_name":"todoo"}'::jsonb) ON CONFLICT DO NOTHING;
INSERT INTO "public"."user_notifications" ("id", "user_id", "client_id", "type", "title", "body", "cta_label", "cta_url", "image_url", "lottie_url", "priority", "shown_at", "dismissed_at", "clicked_at", "created_at", "expires_at", "metadata") VALUES ('4d37dfc6-6201-4541-bf46-16ad387c618b', '14e027dc-fc78-40ab-9211-8949baa4b5d7', NULL, 'celebration', 'todoo is ready!', 'Core sync complete. Explore products, orders, customers — we''re polishing the rest in the background 🚀', 'Let''s go', '/sites/62b08151-1a76-4df4-bb25-2bc52decae70/products', NULL, '/confetti.json', 90, '2026-04-20T12:20:19.099+00:00', '2026-04-20T12:20:22.147+00:00', NULL, '2026-04-20T12:19:58.988802+00:00', NULL, '{"logo_url":null,"store_id":"62b08151-1a76-4df4-bb25-2bc52decae70","store_url":"https://thedcart.com","store_name":"todoo"}'::jsonb) ON CONFLICT DO NOTHING;
INSERT INTO "public"."user_notifications" ("id", "user_id", "client_id", "type", "title", "body", "cta_label", "cta_url", "image_url", "lottie_url", "priority", "shown_at", "dismissed_at", "clicked_at", "created_at", "expires_at", "metadata") VALUES ('7bfa8dbe-8d47-47be-8042-d68a0b8c5206', '8a38165d-c229-4e57-ad7b-5b2b73fdc4c5', NULL, 'celebration', 'todoo is ready!', 'Core sync complete. Explore products, orders, customers — we''re polishing the rest in the background 🚀', 'Let''s go', '/sites/62b08151-1a76-4df4-bb25-2bc52decae70/products', NULL, '/confetti.json', 90, '2026-04-20T12:57:43.982+00:00', '2026-04-20T12:57:48.289+00:00', NULL, '2026-04-20T12:19:58.988802+00:00', NULL, '{"logo_url":null,"store_id":"62b08151-1a76-4df4-bb25-2bc52decae70","store_url":"https://thedcart.com","store_name":"todoo"}'::jsonb) ON CONFLICT DO NOTHING;
INSERT INTO "public"."user_notifications" ("id", "user_id", "client_id", "type", "title", "body", "cta_label", "cta_url", "image_url", "lottie_url", "priority", "shown_at", "dismissed_at", "clicked_at", "created_at", "expires_at", "metadata") VALUES ('44ef1d6b-c11f-402f-845d-eab6d7787b37', '1bd711f8-2680-47f6-8e50-5bf807e846d8', NULL, 'celebration', 'todoo is ready!', 'Core sync complete. Explore products, orders, customers — we''re polishing the rest in the background 🚀', 'Let''s go', '/sites/62b08151-1a76-4df4-bb25-2bc52decae70/products', NULL, '/confetti.json', 90, '2026-04-20T12:59:40.721+00:00', '2026-04-20T12:59:43.523+00:00', NULL, '2026-04-20T12:19:58.988802+00:00', NULL, '{"logo_url":null,"store_id":"62b08151-1a76-4df4-bb25-2bc52decae70","store_url":"https://thedcart.com","store_name":"todoo"}'::jsonb) ON CONFLICT DO NOTHING;
INSERT INTO "public"."user_notifications" ("id", "user_id", "client_id", "type", "title", "body", "cta_label", "cta_url", "image_url", "lottie_url", "priority", "shown_at", "dismissed_at", "clicked_at", "created_at", "expires_at", "metadata") VALUES ('8d66b4fa-a05f-476a-a825-2b9627283104', '14e027dc-fc78-40ab-9211-8949baa4b5d7', NULL, 'celebration', 'todoo is ready!', 'Core sync complete. Explore products, orders, customers — we''re polishing the rest in the background 🚀', 'Let''s go', '/sites/75180f93-6a67-4cc7-8c83-1804622e2337/products', NULL, '/confetti.json', 90, NULL, NULL, NULL, '2026-04-20T13:10:44.625655+00:00', NULL, '{"logo_url":null,"store_id":"75180f93-6a67-4cc7-8c83-1804622e2337","store_url":"https://todookw.com","store_name":"todoo"}'::jsonb) ON CONFLICT DO NOTHING;
INSERT INTO "public"."user_notifications" ("id", "user_id", "client_id", "type", "title", "body", "cta_label", "cta_url", "image_url", "lottie_url", "priority", "shown_at", "dismissed_at", "clicked_at", "created_at", "expires_at", "metadata") VALUES ('330253ef-c70f-4fbb-816b-b5079cd3332f', '64315088-8520-4e52-8f3d-91941ad39cd2', NULL, 'celebration', 'todoo is ready!', 'Core sync complete. Explore products, orders, customers — we''re polishing the rest in the background 🚀', 'Let''s go', '/sites/75180f93-6a67-4cc7-8c83-1804622e2337/products', NULL, '/confetti.json', 90, NULL, NULL, NULL, '2026-04-20T13:10:44.625655+00:00', NULL, '{"logo_url":null,"store_id":"75180f93-6a67-4cc7-8c83-1804622e2337","store_url":"https://todookw.com","store_name":"todoo"}'::jsonb) ON CONFLICT DO NOTHING;
INSERT INTO "public"."user_notifications" ("id", "user_id", "client_id", "type", "title", "body", "cta_label", "cta_url", "image_url", "lottie_url", "priority", "shown_at", "dismissed_at", "clicked_at", "created_at", "expires_at", "metadata") VALUES ('ce7baba3-e9f6-40da-b03f-da71a448c374', '1bd711f8-2680-47f6-8e50-5bf807e846d8', NULL, 'celebration', 'todoo is ready!', 'Core sync complete. Explore products, orders, customers — we''re polishing the rest in the background 🚀', 'Let''s go', '/sites/75180f93-6a67-4cc7-8c83-1804622e2337/products', NULL, '/confetti.json', 90, '2026-04-20T13:10:44.703+00:00', '2026-04-20T13:11:20.105+00:00', NULL, '2026-04-20T13:10:44.625655+00:00', NULL, '{"logo_url":null,"store_id":"75180f93-6a67-4cc7-8c83-1804622e2337","store_url":"https://todookw.com","store_name":"todoo"}'::jsonb) ON CONFLICT DO NOTHING;
INSERT INTO "public"."user_notifications" ("id", "user_id", "client_id", "type", "title", "body", "cta_label", "cta_url", "image_url", "lottie_url", "priority", "shown_at", "dismissed_at", "clicked_at", "created_at", "expires_at", "metadata") VALUES ('0944eb79-e3b1-4c68-b5fb-e1bcce7f6c2d', '8a38165d-c229-4e57-ad7b-5b2b73fdc4c5', NULL, 'celebration', 'todoo is ready!', 'Core sync complete. Explore products, orders, customers — we''re polishing the rest in the background 🚀', 'Let''s go', '/sites/75180f93-6a67-4cc7-8c83-1804622e2337/products', NULL, '/confetti.json', 90, '2026-04-20T13:13:44.756+00:00', '2026-04-20T13:13:47.871+00:00', NULL, '2026-04-20T13:10:44.625655+00:00', NULL, '{"logo_url":null,"store_id":"75180f93-6a67-4cc7-8c83-1804622e2337","store_url":"https://todookw.com","store_name":"todoo"}'::jsonb) ON CONFLICT DO NOTHING;
INSERT INTO "public"."user_notifications" ("id", "user_id", "client_id", "type", "title", "body", "cta_label", "cta_url", "image_url", "lottie_url", "priority", "shown_at", "dismissed_at", "clicked_at", "created_at", "expires_at", "metadata") VALUES ('1de608a1-6b96-40e9-83b7-73f547c92c0f', '0430a2de-2b6f-4d2f-956f-fb9fa7197259', NULL, 'celebration', 'todoo is ready!', 'Core sync complete. Explore products, orders, customers — we''re polishing the rest in the background 🚀', 'Let''s go', '/sites/79776669-2d35-4640-bf3c-55bf04b4a53b/products', NULL, '/confetti.json', 90, '2026-04-20T13:47:55.011+00:00', '2026-04-20T13:47:59.072+00:00', NULL, '2026-04-20T11:08:00.325968+00:00', NULL, '{"logo_url":null,"store_id":"79776669-2d35-4640-bf3c-55bf04b4a53b","store_url":"https://todookw.com","store_name":"todoo"}'::jsonb) ON CONFLICT DO NOTHING;
INSERT INTO "public"."user_notifications" ("id", "user_id", "client_id", "type", "title", "body", "cta_label", "cta_url", "image_url", "lottie_url", "priority", "shown_at", "dismissed_at", "clicked_at", "created_at", "expires_at", "metadata") VALUES ('28607622-8e4a-4ff3-be58-07dc47d35993', '0430a2de-2b6f-4d2f-956f-fb9fa7197259', NULL, 'celebration', 'todoo is ready!', 'Core sync complete. Explore products, orders, customers — we''re polishing the rest in the background 🚀', 'Let''s go', '/sites/75180f93-6a67-4cc7-8c83-1804622e2337/products', NULL, '/confetti.json', 90, '2026-04-20T13:47:59.419+00:00', '2026-04-20T14:14:33.605+00:00', NULL, '2026-04-20T13:10:44.625655+00:00', NULL, '{"logo_url":null,"store_id":"75180f93-6a67-4cc7-8c83-1804622e2337","store_url":"https://todookw.com","store_name":"todoo"}'::jsonb) ON CONFLICT DO NOTHING;
INSERT INTO "public"."user_notifications" ("id", "user_id", "client_id", "type", "title", "body", "cta_label", "cta_url", "image_url", "lottie_url", "priority", "shown_at", "dismissed_at", "clicked_at", "created_at", "expires_at", "metadata") VALUES ('32ff63fb-e6a3-45cd-b0f1-690d6890a48d', '0430a2de-2b6f-4d2f-956f-fb9fa7197259', NULL, 'celebration', 'todoo is ready!', 'Core sync complete. Explore products, orders, customers — we''re polishing the rest in the background 🚀', 'Let''s go', '/sites/62b08151-1a76-4df4-bb25-2bc52decae70/products', NULL, '/confetti.json', 90, '2026-04-20T14:14:34.003+00:00', NULL, NULL, '2026-04-20T12:19:58.988802+00:00', NULL, '{"logo_url":null,"store_id":"62b08151-1a76-4df4-bb25-2bc52decae70","store_url":"https://thedcart.com","store_name":"todoo"}'::jsonb) ON CONFLICT DO NOTHING;
INSERT INTO "public"."user_notifications" ("id", "user_id", "client_id", "type", "title", "body", "cta_label", "cta_url", "image_url", "lottie_url", "priority", "shown_at", "dismissed_at", "clicked_at", "created_at", "expires_at", "metadata") VALUES ('9515846b-2019-4fde-aaa1-316e0984350e', '49fc7017-6379-4f0e-93fd-d2afa220622d', NULL, 'celebration', 'todoo is ready!', 'Core sync complete. Explore products, orders, customers — we''re polishing the rest in the background 🚀', 'Let''s go', '/sites/75180f93-6a67-4cc7-8c83-1804622e2337/products', NULL, '/confetti.json', 90, NULL, NULL, NULL, '2026-04-20T13:10:44.625655+00:00', NULL, '{"logo_url":null,"store_id":"75180f93-6a67-4cc7-8c83-1804622e2337","store_url":"https://todookw.com","store_name":"todoo"}'::jsonb) ON CONFLICT DO NOTHING;
INSERT INTO "public"."user_notifications" ("id", "user_id", "client_id", "type", "title", "body", "cta_label", "cta_url", "image_url", "lottie_url", "priority", "shown_at", "dismissed_at", "clicked_at", "created_at", "expires_at", "metadata") VALUES ('ef8391a4-f832-4622-9ace-16ad89849fe5', '0430a2de-2b6f-4d2f-956f-fb9fa7197259', NULL, 'celebration', 'todoo is ready!', 'Core sync complete. Explore products, orders, customers — we''re polishing the rest in the background 🚀', 'Let''s go', '/sites/abf591b0-a00f-4636-be06-705d4d4faf19/products', NULL, '/confetti.json', 90, NULL, NULL, NULL, '2026-04-20T13:23:00.603097+00:00', NULL, '{"logo_url":null,"store_id":"abf591b0-a00f-4636-be06-705d4d4faf19","store_url":"https://todookw.com","store_name":"todoo"}'::jsonb) ON CONFLICT DO NOTHING;
INSERT INTO "public"."user_notifications" ("id", "user_id", "client_id", "type", "title", "body", "cta_label", "cta_url", "image_url", "lottie_url", "priority", "shown_at", "dismissed_at", "clicked_at", "created_at", "expires_at", "metadata") VALUES ('1493f46f-171b-49ef-b730-00afb22c5973', '8a38165d-c229-4e57-ad7b-5b2b73fdc4c5', NULL, 'celebration', 'todoo is ready!', 'Core sync complete. Explore products, orders, customers — we''re polishing the rest in the background 🚀', 'Let''s go', '/sites/abf591b0-a00f-4636-be06-705d4d4faf19/products', NULL, '/confetti.json', 90, NULL, NULL, NULL, '2026-04-20T13:23:00.603097+00:00', NULL, '{"logo_url":null,"store_id":"abf591b0-a00f-4636-be06-705d4d4faf19","store_url":"https://todookw.com","store_name":"todoo"}'::jsonb) ON CONFLICT DO NOTHING;
INSERT INTO "public"."user_notifications" ("id", "user_id", "client_id", "type", "title", "body", "cta_label", "cta_url", "image_url", "lottie_url", "priority", "shown_at", "dismissed_at", "clicked_at", "created_at", "expires_at", "metadata") VALUES ('322c5732-3376-44ab-9e68-43fcead26d44', '14e027dc-fc78-40ab-9211-8949baa4b5d7', NULL, 'celebration', 'todoo is ready!', 'Core sync complete. Explore products, orders, customers — we''re polishing the rest in the background 🚀', 'Let''s go', '/sites/abf591b0-a00f-4636-be06-705d4d4faf19/products', NULL, '/confetti.json', 90, NULL, NULL, NULL, '2026-04-20T13:23:00.603097+00:00', NULL, '{"logo_url":null,"store_id":"abf591b0-a00f-4636-be06-705d4d4faf19","store_url":"https://todookw.com","store_name":"todoo"}'::jsonb) ON CONFLICT DO NOTHING;
INSERT INTO "public"."user_notifications" ("id", "user_id", "client_id", "type", "title", "body", "cta_label", "cta_url", "image_url", "lottie_url", "priority", "shown_at", "dismissed_at", "clicked_at", "created_at", "expires_at", "metadata") VALUES ('47a10ebc-f506-42e2-9396-00c21cbdb45b', '64315088-8520-4e52-8f3d-91941ad39cd2', NULL, 'celebration', 'todoo is ready!', 'Core sync complete. Explore products, orders, customers — we''re polishing the rest in the background 🚀', 'Let''s go', '/sites/abf591b0-a00f-4636-be06-705d4d4faf19/products', NULL, '/confetti.json', 90, NULL, NULL, NULL, '2026-04-20T13:23:00.603097+00:00', NULL, '{"logo_url":null,"store_id":"abf591b0-a00f-4636-be06-705d4d4faf19","store_url":"https://todookw.com","store_name":"todoo"}'::jsonb) ON CONFLICT DO NOTHING;
INSERT INTO "public"."user_notifications" ("id", "user_id", "client_id", "type", "title", "body", "cta_label", "cta_url", "image_url", "lottie_url", "priority", "shown_at", "dismissed_at", "clicked_at", "created_at", "expires_at", "metadata") VALUES ('29481cd0-2a85-48ee-b6e3-47967ab09f1a', '49fc7017-6379-4f0e-93fd-d2afa220622d', NULL, 'celebration', 'todoo is ready!', 'Core sync complete. Explore products, orders, customers — we''re polishing the rest in the background 🚀', 'Let''s go', '/sites/abf591b0-a00f-4636-be06-705d4d4faf19/products', NULL, '/confetti.json', 90, NULL, NULL, NULL, '2026-04-20T13:23:00.603097+00:00', NULL, '{"logo_url":null,"store_id":"abf591b0-a00f-4636-be06-705d4d4faf19","store_url":"https://todookw.com","store_name":"todoo"}'::jsonb) ON CONFLICT DO NOTHING;
INSERT INTO "public"."user_notifications" ("id", "user_id", "client_id", "type", "title", "body", "cta_label", "cta_url", "image_url", "lottie_url", "priority", "shown_at", "dismissed_at", "clicked_at", "created_at", "expires_at", "metadata") VALUES ('dbcc7501-1126-4c1c-bd85-2884fcb6b8b3', '1bd711f8-2680-47f6-8e50-5bf807e846d8', NULL, 'celebration', 'todoo is ready!', 'Core sync complete. Explore products, orders, customers — we''re polishing the rest in the background 🚀', 'Let''s go', '/sites/abf591b0-a00f-4636-be06-705d4d4faf19/products', NULL, '/confetti.json', 90, '2026-04-20T13:23:00.728+00:00', '2026-04-20T13:23:09.405+00:00', NULL, '2026-04-20T13:23:00.603097+00:00', NULL, '{"logo_url":null,"store_id":"abf591b0-a00f-4636-be06-705d4d4faf19","store_url":"https://todookw.com","store_name":"todoo"}'::jsonb) ON CONFLICT DO NOTHING;
INSERT INTO "public"."user_notifications" ("id", "user_id", "client_id", "type", "title", "body", "cta_label", "cta_url", "image_url", "lottie_url", "priority", "shown_at", "dismissed_at", "clicked_at", "created_at", "expires_at", "metadata") VALUES ('befdfe5b-8a71-4ea3-b0d6-4f7b83b18299', '0430a2de-2b6f-4d2f-956f-fb9fa7197259', NULL, 'celebration', 'todoo is ready!', 'Welcome aboard. To infinity and beyond 🚀', 'Let''s go', NULL, NULL, '/confetti.json', 90, NULL, NULL, NULL, '2026-04-20T21:20:39.761888+00:00', NULL, '{"logo_url":null,"store_id":"d3ccf373-9674-42bd-927c-caa82a40b1fc","store_url":"https://todookw.com","store_name":"todoo"}'::jsonb) ON CONFLICT DO NOTHING;
INSERT INTO "public"."user_notifications" ("id", "user_id", "client_id", "type", "title", "body", "cta_label", "cta_url", "image_url", "lottie_url", "priority", "shown_at", "dismissed_at", "clicked_at", "created_at", "expires_at", "metadata") VALUES ('7f94f330-ec73-4056-9e53-57433f595c4c', '8a38165d-c229-4e57-ad7b-5b2b73fdc4c5', NULL, 'celebration', 'todoo is ready!', 'Welcome aboard. To infinity and beyond 🚀', 'Let''s go', NULL, NULL, '/confetti.json', 90, NULL, NULL, NULL, '2026-04-20T21:20:39.761888+00:00', NULL, '{"logo_url":null,"store_id":"d3ccf373-9674-42bd-927c-caa82a40b1fc","store_url":"https://todookw.com","store_name":"todoo"}'::jsonb) ON CONFLICT DO NOTHING;
INSERT INTO "public"."user_notifications" ("id", "user_id", "client_id", "type", "title", "body", "cta_label", "cta_url", "image_url", "lottie_url", "priority", "shown_at", "dismissed_at", "clicked_at", "created_at", "expires_at", "metadata") VALUES ('4562cf0d-6c9f-4f49-a506-0b0750c2799d', '14e027dc-fc78-40ab-9211-8949baa4b5d7', NULL, 'celebration', 'todoo is ready!', 'Welcome aboard. To infinity and beyond 🚀', 'Let''s go', NULL, NULL, '/confetti.json', 90, NULL, NULL, NULL, '2026-04-20T21:20:39.761888+00:00', NULL, '{"logo_url":null,"store_id":"d3ccf373-9674-42bd-927c-caa82a40b1fc","store_url":"https://todookw.com","store_name":"todoo"}'::jsonb) ON CONFLICT DO NOTHING;
INSERT INTO "public"."user_notifications" ("id", "user_id", "client_id", "type", "title", "body", "cta_label", "cta_url", "image_url", "lottie_url", "priority", "shown_at", "dismissed_at", "clicked_at", "created_at", "expires_at", "metadata") VALUES ('95462e4f-ecad-4297-ac1a-b057e5028230', '64315088-8520-4e52-8f3d-91941ad39cd2', NULL, 'celebration', 'todoo is ready!', 'Welcome aboard. To infinity and beyond 🚀', 'Let''s go', NULL, NULL, '/confetti.json', 90, NULL, NULL, NULL, '2026-04-20T21:20:39.761888+00:00', NULL, '{"logo_url":null,"store_id":"d3ccf373-9674-42bd-927c-caa82a40b1fc","store_url":"https://todookw.com","store_name":"todoo"}'::jsonb) ON CONFLICT DO NOTHING;
INSERT INTO "public"."user_notifications" ("id", "user_id", "client_id", "type", "title", "body", "cta_label", "cta_url", "image_url", "lottie_url", "priority", "shown_at", "dismissed_at", "clicked_at", "created_at", "expires_at", "metadata") VALUES ('d6d652d5-4ee5-4e90-8bc2-362ba619126c', '49fc7017-6379-4f0e-93fd-d2afa220622d', NULL, 'celebration', 'todoo is ready!', 'Welcome aboard. To infinity and beyond 🚀', 'Let''s go', NULL, NULL, '/confetti.json', 90, NULL, NULL, NULL, '2026-04-20T21:20:39.761888+00:00', NULL, '{"logo_url":null,"store_id":"d3ccf373-9674-42bd-927c-caa82a40b1fc","store_url":"https://todookw.com","store_name":"todoo"}'::jsonb) ON CONFLICT DO NOTHING;
INSERT INTO "public"."user_notifications" ("id", "user_id", "client_id", "type", "title", "body", "cta_label", "cta_url", "image_url", "lottie_url", "priority", "shown_at", "dismissed_at", "clicked_at", "created_at", "expires_at", "metadata") VALUES ('d1e4f677-b673-46cc-8015-f0605c7bc281', '1bd711f8-2680-47f6-8e50-5bf807e846d8', NULL, 'celebration', 'todoo is ready!', 'Welcome aboard. To infinity and beyond 🚀', 'Let''s go', NULL, NULL, '/confetti.json', 90, '2026-04-20T21:20:39.889+00:00', '2026-04-20T21:23:34.912+00:00', NULL, '2026-04-20T21:20:39.761888+00:00', NULL, '{"logo_url":null,"store_id":"d3ccf373-9674-42bd-927c-caa82a40b1fc","store_url":"https://todookw.com","store_name":"todoo"}'::jsonb) ON CONFLICT DO NOTHING;
INSERT INTO "public"."user_notifications" ("id", "user_id", "client_id", "type", "title", "body", "cta_label", "cta_url", "image_url", "lottie_url", "priority", "shown_at", "dismissed_at", "clicked_at", "created_at", "expires_at", "metadata") VALUES ('2939a8c5-78a7-428b-923d-946d3fe447fb', '0430a2de-2b6f-4d2f-956f-fb9fa7197259', NULL, 'celebration', 'todoo is ready!', 'Welcome aboard. To infinity and beyond 🚀', 'Let''s go', NULL, NULL, '/confetti.json', 90, NULL, NULL, NULL, '2026-04-21T03:08:24.096881+00:00', NULL, '{"logo_url":null,"store_id":"db58d1a6-d587-4987-9ce1-703d165ae6dc","store_url":"https://todookw.com","store_name":"todoo"}'::jsonb) ON CONFLICT DO NOTHING;
INSERT INTO "public"."user_notifications" ("id", "user_id", "client_id", "type", "title", "body", "cta_label", "cta_url", "image_url", "lottie_url", "priority", "shown_at", "dismissed_at", "clicked_at", "created_at", "expires_at", "metadata") VALUES ('f65bb1a8-c712-4b68-bd1e-51646cec9390', '1bd711f8-2680-47f6-8e50-5bf807e846d8', NULL, 'celebration', 'todoo is ready!', 'Welcome aboard. To infinity and beyond 🚀', 'Let''s go', NULL, NULL, '/confetti.json', 90, NULL, NULL, NULL, '2026-04-21T03:08:24.096881+00:00', NULL, '{"logo_url":null,"store_id":"db58d1a6-d587-4987-9ce1-703d165ae6dc","store_url":"https://todookw.com","store_name":"todoo"}'::jsonb) ON CONFLICT DO NOTHING;
INSERT INTO "public"."user_notifications" ("id", "user_id", "client_id", "type", "title", "body", "cta_label", "cta_url", "image_url", "lottie_url", "priority", "shown_at", "dismissed_at", "clicked_at", "created_at", "expires_at", "metadata") VALUES ('f35a98ef-3921-43be-8238-cf6eb7e6e8ac', '8a38165d-c229-4e57-ad7b-5b2b73fdc4c5', NULL, 'celebration', 'todoo is ready!', 'Welcome aboard. To infinity and beyond 🚀', 'Let''s go', NULL, NULL, '/confetti.json', 90, NULL, NULL, NULL, '2026-04-21T03:08:24.096881+00:00', NULL, '{"logo_url":null,"store_id":"db58d1a6-d587-4987-9ce1-703d165ae6dc","store_url":"https://todookw.com","store_name":"todoo"}'::jsonb) ON CONFLICT DO NOTHING;
INSERT INTO "public"."user_notifications" ("id", "user_id", "client_id", "type", "title", "body", "cta_label", "cta_url", "image_url", "lottie_url", "priority", "shown_at", "dismissed_at", "clicked_at", "created_at", "expires_at", "metadata") VALUES ('d4c01c0c-4dab-413f-a64a-f39f9ef53221', '14e027dc-fc78-40ab-9211-8949baa4b5d7', NULL, 'celebration', 'todoo is ready!', 'Welcome aboard. To infinity and beyond 🚀', 'Let''s go', NULL, NULL, '/confetti.json', 90, NULL, NULL, NULL, '2026-04-21T03:08:24.096881+00:00', NULL, '{"logo_url":null,"store_id":"db58d1a6-d587-4987-9ce1-703d165ae6dc","store_url":"https://todookw.com","store_name":"todoo"}'::jsonb) ON CONFLICT DO NOTHING;
INSERT INTO "public"."user_notifications" ("id", "user_id", "client_id", "type", "title", "body", "cta_label", "cta_url", "image_url", "lottie_url", "priority", "shown_at", "dismissed_at", "clicked_at", "created_at", "expires_at", "metadata") VALUES ('60127189-3246-44d8-8188-91a30ec0ea65', '64315088-8520-4e52-8f3d-91941ad39cd2', NULL, 'celebration', 'todoo is ready!', 'Welcome aboard. To infinity and beyond 🚀', 'Let''s go', NULL, NULL, '/confetti.json', 90, NULL, NULL, NULL, '2026-04-21T03:08:24.096881+00:00', NULL, '{"logo_url":null,"store_id":"db58d1a6-d587-4987-9ce1-703d165ae6dc","store_url":"https://todookw.com","store_name":"todoo"}'::jsonb) ON CONFLICT DO NOTHING;
INSERT INTO "public"."user_notifications" ("id", "user_id", "client_id", "type", "title", "body", "cta_label", "cta_url", "image_url", "lottie_url", "priority", "shown_at", "dismissed_at", "clicked_at", "created_at", "expires_at", "metadata") VALUES ('45ee86bd-cd05-49f9-9ec2-5d277ba5b0a6', '49fc7017-6379-4f0e-93fd-d2afa220622d', NULL, 'celebration', 'todoo is ready!', 'Welcome aboard. To infinity and beyond 🚀', 'Let''s go', NULL, NULL, '/confetti.json', 90, NULL, NULL, NULL, '2026-04-21T03:08:24.096881+00:00', NULL, '{"logo_url":null,"store_id":"db58d1a6-d587-4987-9ce1-703d165ae6dc","store_url":"https://todookw.com","store_name":"todoo"}'::jsonb) ON CONFLICT DO NOTHING;
INSERT INTO "public"."user_notifications" ("id", "user_id", "client_id", "type", "title", "body", "cta_label", "cta_url", "image_url", "lottie_url", "priority", "shown_at", "dismissed_at", "clicked_at", "created_at", "expires_at", "metadata") VALUES ('e88825aa-c415-4e13-90c2-0d7805e95bdb', '0430a2de-2b6f-4d2f-956f-fb9fa7197259', NULL, 'celebration', 'todoo is ready!', 'Welcome aboard. To infinity and beyond 🚀', 'Let''s go', NULL, NULL, '/confetti.json', 90, NULL, NULL, NULL, '2026-04-21T03:44:21.074482+00:00', NULL, '{"logo_url":null,"store_id":"d87a1b6c-f27b-4e69-b9d1-4de4486af0c8","store_url":"https://todookw.com","store_name":"todoo"}'::jsonb) ON CONFLICT DO NOTHING;
INSERT INTO "public"."user_notifications" ("id", "user_id", "client_id", "type", "title", "body", "cta_label", "cta_url", "image_url", "lottie_url", "priority", "shown_at", "dismissed_at", "clicked_at", "created_at", "expires_at", "metadata") VALUES ('ac78e73c-701e-41ad-a523-b9b114808873', '1bd711f8-2680-47f6-8e50-5bf807e846d8', NULL, 'celebration', 'todoo is ready!', 'Welcome aboard. To infinity and beyond 🚀', 'Let''s go', NULL, NULL, '/confetti.json', 90, NULL, NULL, NULL, '2026-04-21T03:44:21.074482+00:00', NULL, '{"logo_url":null,"store_id":"d87a1b6c-f27b-4e69-b9d1-4de4486af0c8","store_url":"https://todookw.com","store_name":"todoo"}'::jsonb) ON CONFLICT DO NOTHING;
INSERT INTO "public"."user_notifications" ("id", "user_id", "client_id", "type", "title", "body", "cta_label", "cta_url", "image_url", "lottie_url", "priority", "shown_at", "dismissed_at", "clicked_at", "created_at", "expires_at", "metadata") VALUES ('68ad886d-12d0-46ac-bb8a-b0d42a0cb329', '8a38165d-c229-4e57-ad7b-5b2b73fdc4c5', NULL, 'celebration', 'todoo is ready!', 'Welcome aboard. To infinity and beyond 🚀', 'Let''s go', NULL, NULL, '/confetti.json', 90, NULL, NULL, NULL, '2026-04-21T03:44:21.074482+00:00', NULL, '{"logo_url":null,"store_id":"d87a1b6c-f27b-4e69-b9d1-4de4486af0c8","store_url":"https://todookw.com","store_name":"todoo"}'::jsonb) ON CONFLICT DO NOTHING;
INSERT INTO "public"."user_notifications" ("id", "user_id", "client_id", "type", "title", "body", "cta_label", "cta_url", "image_url", "lottie_url", "priority", "shown_at", "dismissed_at", "clicked_at", "created_at", "expires_at", "metadata") VALUES ('cc684f46-3d35-4cd8-a365-bba8b851e364', '14e027dc-fc78-40ab-9211-8949baa4b5d7', NULL, 'celebration', 'todoo is ready!', 'Welcome aboard. To infinity and beyond 🚀', 'Let''s go', NULL, NULL, '/confetti.json', 90, NULL, NULL, NULL, '2026-04-21T03:44:21.074482+00:00', NULL, '{"logo_url":null,"store_id":"d87a1b6c-f27b-4e69-b9d1-4de4486af0c8","store_url":"https://todookw.com","store_name":"todoo"}'::jsonb) ON CONFLICT DO NOTHING;
INSERT INTO "public"."user_notifications" ("id", "user_id", "client_id", "type", "title", "body", "cta_label", "cta_url", "image_url", "lottie_url", "priority", "shown_at", "dismissed_at", "clicked_at", "created_at", "expires_at", "metadata") VALUES ('434d491e-23d9-4e8d-a25e-31bcfcd2b0e9', '64315088-8520-4e52-8f3d-91941ad39cd2', NULL, 'celebration', 'todoo is ready!', 'Welcome aboard. To infinity and beyond 🚀', 'Let''s go', NULL, NULL, '/confetti.json', 90, NULL, NULL, NULL, '2026-04-21T03:44:21.074482+00:00', NULL, '{"logo_url":null,"store_id":"d87a1b6c-f27b-4e69-b9d1-4de4486af0c8","store_url":"https://todookw.com","store_name":"todoo"}'::jsonb) ON CONFLICT DO NOTHING;
INSERT INTO "public"."user_notifications" ("id", "user_id", "client_id", "type", "title", "body", "cta_label", "cta_url", "image_url", "lottie_url", "priority", "shown_at", "dismissed_at", "clicked_at", "created_at", "expires_at", "metadata") VALUES ('c53cf24f-f1a0-4d03-b570-405aa40e6d24', '49fc7017-6379-4f0e-93fd-d2afa220622d', NULL, 'celebration', 'todoo is ready!', 'Welcome aboard. To infinity and beyond 🚀', 'Let''s go', NULL, NULL, '/confetti.json', 90, NULL, NULL, NULL, '2026-04-21T03:44:21.074482+00:00', NULL, '{"logo_url":null,"store_id":"d87a1b6c-f27b-4e69-b9d1-4de4486af0c8","store_url":"https://todookw.com","store_name":"todoo"}'::jsonb) ON CONFLICT DO NOTHING;
INSERT INTO "public"."user_notifications" ("id", "user_id", "client_id", "type", "title", "body", "cta_label", "cta_url", "image_url", "lottie_url", "priority", "shown_at", "dismissed_at", "clicked_at", "created_at", "expires_at", "metadata") VALUES ('ee9e4c14-8bc5-4bb9-9116-2ff1d6965039', '0430a2de-2b6f-4d2f-956f-fb9fa7197259', NULL, 'celebration', 'todoo is ready!', 'Welcome aboard. To infinity and beyond 🚀', 'Let''s go', NULL, NULL, '/confetti.json', 90, NULL, NULL, NULL, '2026-04-21T04:27:15.736238+00:00', NULL, '{"logo_url":null,"store_id":"b2c0b1be-c9a1-4d3f-bae1-74949a16ae92","store_url":"https://todookw.com","store_name":"todoo"}'::jsonb) ON CONFLICT DO NOTHING;
INSERT INTO "public"."user_notifications" ("id", "user_id", "client_id", "type", "title", "body", "cta_label", "cta_url", "image_url", "lottie_url", "priority", "shown_at", "dismissed_at", "clicked_at", "created_at", "expires_at", "metadata") VALUES ('2a78fc29-78c9-4770-be0f-017ed3e096bb', '1bd711f8-2680-47f6-8e50-5bf807e846d8', NULL, 'celebration', 'todoo is ready!', 'Welcome aboard. To infinity and beyond 🚀', 'Let''s go', NULL, NULL, '/confetti.json', 90, NULL, NULL, NULL, '2026-04-21T04:27:15.736238+00:00', NULL, '{"logo_url":null,"store_id":"b2c0b1be-c9a1-4d3f-bae1-74949a16ae92","store_url":"https://todookw.com","store_name":"todoo"}'::jsonb) ON CONFLICT DO NOTHING;
INSERT INTO "public"."user_notifications" ("id", "user_id", "client_id", "type", "title", "body", "cta_label", "cta_url", "image_url", "lottie_url", "priority", "shown_at", "dismissed_at", "clicked_at", "created_at", "expires_at", "metadata") VALUES ('3f38e819-ee78-494b-b4f6-abd3fea5178c', '8a38165d-c229-4e57-ad7b-5b2b73fdc4c5', NULL, 'celebration', 'todoo is ready!', 'Welcome aboard. To infinity and beyond 🚀', 'Let''s go', NULL, NULL, '/confetti.json', 90, NULL, NULL, NULL, '2026-04-21T04:27:15.736238+00:00', NULL, '{"logo_url":null,"store_id":"b2c0b1be-c9a1-4d3f-bae1-74949a16ae92","store_url":"https://todookw.com","store_name":"todoo"}'::jsonb) ON CONFLICT DO NOTHING;
INSERT INTO "public"."user_notifications" ("id", "user_id", "client_id", "type", "title", "body", "cta_label", "cta_url", "image_url", "lottie_url", "priority", "shown_at", "dismissed_at", "clicked_at", "created_at", "expires_at", "metadata") VALUES ('e1d2819c-f083-41f9-b032-8132e70ca5dd', '14e027dc-fc78-40ab-9211-8949baa4b5d7', NULL, 'celebration', 'todoo is ready!', 'Welcome aboard. To infinity and beyond 🚀', 'Let''s go', NULL, NULL, '/confetti.json', 90, NULL, NULL, NULL, '2026-04-21T04:27:15.736238+00:00', NULL, '{"logo_url":null,"store_id":"b2c0b1be-c9a1-4d3f-bae1-74949a16ae92","store_url":"https://todookw.com","store_name":"todoo"}'::jsonb) ON CONFLICT DO NOTHING;
INSERT INTO "public"."user_notifications" ("id", "user_id", "client_id", "type", "title", "body", "cta_label", "cta_url", "image_url", "lottie_url", "priority", "shown_at", "dismissed_at", "clicked_at", "created_at", "expires_at", "metadata") VALUES ('1617b7b8-d421-4e79-8061-1ae22638873e', '64315088-8520-4e52-8f3d-91941ad39cd2', NULL, 'celebration', 'todoo is ready!', 'Welcome aboard. To infinity and beyond 🚀', 'Let''s go', NULL, NULL, '/confetti.json', 90, NULL, NULL, NULL, '2026-04-21T04:27:15.736238+00:00', NULL, '{"logo_url":null,"store_id":"b2c0b1be-c9a1-4d3f-bae1-74949a16ae92","store_url":"https://todookw.com","store_name":"todoo"}'::jsonb) ON CONFLICT DO NOTHING;
INSERT INTO "public"."user_notifications" ("id", "user_id", "client_id", "type", "title", "body", "cta_label", "cta_url", "image_url", "lottie_url", "priority", "shown_at", "dismissed_at", "clicked_at", "created_at", "expires_at", "metadata") VALUES ('1e4fe0db-6775-4e30-b068-08dc5a3fc4cf', '49fc7017-6379-4f0e-93fd-d2afa220622d', NULL, 'celebration', 'todoo is ready!', 'Welcome aboard. To infinity and beyond 🚀', 'Let''s go', NULL, NULL, '/confetti.json', 90, NULL, NULL, NULL, '2026-04-21T04:27:15.736238+00:00', NULL, '{"logo_url":null,"store_id":"b2c0b1be-c9a1-4d3f-bae1-74949a16ae92","store_url":"https://todookw.com","store_name":"todoo"}'::jsonb) ON CONFLICT DO NOTHING;
INSERT INTO "public"."user_notifications" ("id", "user_id", "client_id", "type", "title", "body", "cta_label", "cta_url", "image_url", "lottie_url", "priority", "shown_at", "dismissed_at", "clicked_at", "created_at", "expires_at", "metadata") VALUES ('c514f71d-d4ff-4d6e-a059-f2b65422e7d5', '0430a2de-2b6f-4d2f-956f-fb9fa7197259', NULL, 'celebration', 'thedcart is ready!', 'Welcome aboard. To infinity and beyond 🚀', 'Let''s go', NULL, NULL, '/confetti.json', 90, NULL, NULL, NULL, '2026-04-21T18:20:05.691675+00:00', NULL, '{"logo_url":null,"store_id":"d28ee927-7883-4bd1-9a8e-3bd1ddc6cc53","store_url":"https://thedcart.com","store_name":"thedcart"}'::jsonb) ON CONFLICT DO NOTHING;
INSERT INTO "public"."user_notifications" ("id", "user_id", "client_id", "type", "title", "body", "cta_label", "cta_url", "image_url", "lottie_url", "priority", "shown_at", "dismissed_at", "clicked_at", "created_at", "expires_at", "metadata") VALUES ('e09d5f5d-16da-457e-b36e-2502567094cc', '8a38165d-c229-4e57-ad7b-5b2b73fdc4c5', NULL, 'celebration', 'thedcart is ready!', 'Welcome aboard. To infinity and beyond 🚀', 'Let''s go', NULL, NULL, '/confetti.json', 90, NULL, NULL, NULL, '2026-04-21T18:20:05.691675+00:00', NULL, '{"logo_url":null,"store_id":"d28ee927-7883-4bd1-9a8e-3bd1ddc6cc53","store_url":"https://thedcart.com","store_name":"thedcart"}'::jsonb) ON CONFLICT DO NOTHING;
INSERT INTO "public"."user_notifications" ("id", "user_id", "client_id", "type", "title", "body", "cta_label", "cta_url", "image_url", "lottie_url", "priority", "shown_at", "dismissed_at", "clicked_at", "created_at", "expires_at", "metadata") VALUES ('1c6f290a-d71f-42b2-a333-ce411453cf85', '14e027dc-fc78-40ab-9211-8949baa4b5d7', NULL, 'celebration', 'thedcart is ready!', 'Welcome aboard. To infinity and beyond 🚀', 'Let''s go', NULL, NULL, '/confetti.json', 90, NULL, NULL, NULL, '2026-04-21T18:20:05.691675+00:00', NULL, '{"logo_url":null,"store_id":"d28ee927-7883-4bd1-9a8e-3bd1ddc6cc53","store_url":"https://thedcart.com","store_name":"thedcart"}'::jsonb) ON CONFLICT DO NOTHING;
INSERT INTO "public"."user_notifications" ("id", "user_id", "client_id", "type", "title", "body", "cta_label", "cta_url", "image_url", "lottie_url", "priority", "shown_at", "dismissed_at", "clicked_at", "created_at", "expires_at", "metadata") VALUES ('420b05d8-9981-4fef-9494-a0f8971557a2', '64315088-8520-4e52-8f3d-91941ad39cd2', NULL, 'celebration', 'thedcart is ready!', 'Welcome aboard. To infinity and beyond 🚀', 'Let''s go', NULL, NULL, '/confetti.json', 90, NULL, NULL, NULL, '2026-04-21T18:20:05.691675+00:00', NULL, '{"logo_url":null,"store_id":"d28ee927-7883-4bd1-9a8e-3bd1ddc6cc53","store_url":"https://thedcart.com","store_name":"thedcart"}'::jsonb) ON CONFLICT DO NOTHING;
